domain,url,status_code,status_class,url_final,elapsed_ms,n_referenciada_por,erro,tipo
educacao.rs.gov.br,https://educacao.rs.gov.br/carta-de-servicos/servicos?servico=2259,200.0,ok_200,https://educacao.rs.gov.br/carta-de-servicos/servicos?servico=2259,973,1,,outros
jornadapedagogica.educacao.ba.gov.br,https://jornadapedagogica.educacao.ba.gov.br/eja,200.0,ok_200,https://jornadapedagogica.educacao.ba.gov.br/eja/,522,1,,outros
portal.educacao.pe.gov.br,https://portal.educacao.pe.gov.br/see-oferta-18-908-vagas-para-a-educacao-de-jovens-e-adultos,200.0,ok_200,https://portal.educacao.pe.gov.br/see-oferta-18-908-vagas-para-a-educacao-de-jovens-e-adultos/,1134,1,,outros
www.educacao.mg.gov.br,https://www.educacao.mg.gov.br/servicos/exames-de-ensino-fundamental-e-medio,200.0,ok_200,https://www.educacao.mg.gov.br/servicos/exames-de-ensino-fundamental-e-medio/,261,2,,outros
legislacao.prefeitura.sp.gov.br,https://legislacao.prefeitura.sp.gov.br/leis/decreto-43802-de-16-de-setembro-de-2003,200.0,ok_200,https://legislacao.prefeitura.sp.gov.br/leis/decreto-43802-de-16-de-setembro-de-2003,42,1,,lei
www.al.sp.gov.br,https://www.al.sp.gov.br/repositorio/legislacao/decreto/2011/decreto-57238-17.08.2011.html,200.0,ok_200,https://www.al.sp.gov.br/repositorio/legislacao/decreto/2011/decreto-57238-17.08.2011.html,156,1,,decreto
portal.educacao.pe.gov.br,https://portal.educacao.pe.gov.br/programa-trilhatec-abre-inscricoes-para-cursos-gratuitos-em-parceria-com-o-senac-em-todo-o-estado,200.0,ok_200,https://portal.educacao.pe.gov.br/programa-trilhatec-abre-inscricoes-para-cursos-gratuitos-em-parceria-com-o-senac-em-todo-o-estado/,1137,1,,pagina_programa
www.al.sp.gov.br,https://www.al.sp.gov.br/repositorio/legislacao/decreto/2023/decreto-67980-25.09.2023.html,200.0,ok_200,https://www.al.sp.gov.br/repositorio/legislacao/decreto/2023/decreto-67980-25.09.2023.html,162,1,,decreto
www.bahianoticias.com.br,https://www.bahianoticias.com.br/noticia/282876-programa-juventude-produtiva-oferece-vagas-para-capacitacao-no-senac-e-sinebahia,200.0,ok_200,https://www.bahianoticias.com.br/noticia/282876-programa-juventude-produtiva-oferece-vagas-para-capacitacao-no-senac-e-sinebahia,1123,1,,pagina_programa
www.al.sp.gov.br,https://www.al.sp.gov.br/repositorio/legislacao/decreto/2025/decreto-69680-08.07.2025.html?utm_source,200.0,ok_200,https://www.al.sp.gov.br/repositorio/legislacao/decreto/2025/decreto-69680-08.07.2025.html?utm_source,135,1,,decreto
www.desenvolvimentosocial.sp.gov.br,https://www.desenvolvimentosocial.sp.gov.br/sec_desenvolv_social/noticias/informacoes-sobre-o-programa-acao-jovem-430,200.0,ok_200,https://www.desenvolvimentosocial.sp.gov.br/sec_desenvolv_social/noticias/informacoes-sobre-o-programa-acao-jovem-430,142,1,,pagina_programa
www.al.sp.gov.br,https://www.al.sp.gov.br/repositorio/legislacao/decreto/2025/decreto-69680-08.07.2025.html,200.0,ok_200,https://www.al.sp.gov.br/repositorio/legislacao/decreto/2025/decreto-69680-08.07.2025.html,153,1,,decreto
www.justica.sp.gov.br,https://www.justica.sp.gov.br/sec_justica/imprensa/noticias/spjovemgovernodespeunesplancamprogramaparaincentivarempreendedorismoeprotagonismojuvenil,200.0,ok_200,https://www.justica.sp.gov.br/sec_justica/imprensa/noticias/spjovemgovernodespeunesplancamprogramaparaincentivarempreendedorismoeprotagonismojuvenil,96,1,,pagina_programa
www.ecoescolas.org.br,https://www.ecoescolas.org.br/casas-familiares-rurais-da-bahia-inspiram-o-mundo-na-conferencia-internacional-do-programa-eco-escolas,200.0,ok_200,https://www.ecoescolas.org.br/casas-familiares-rurais-da-bahia-inspiram-o-mundo-na-conferencia-internacional-do-programa-eco-escolas/,1217,1,,pagina_programa
www.fomento.pr.gov.br,https://www.fomento.pr.gov.br/Banco-da-Mulher-Paranaense,200.0,ok_200,https://www.fomento.pr.gov.br/Banco-da-Mulher-Paranaense,1985,1,,outros
www.centec.org.br,https://www.centec.org.br/programas/qualificar-mais,200.0,ok_200,https://www.centec.org.br/programas/qualificar-mais/,1913,1,,pagina_programa
jau.sp.gov.br,https://jau.sp.gov.br/noticia/10538/plano-mobilidade-jahu,200.0,ok_200,https://jau.sp.gov.br/noticia/10538/plano-mobilidade-jahu,94,1,,outros
prefeitura.sp.gov.br,https://prefeitura.sp.gov.br/web/imigrantes_e_trabalho_decente/w/programas_e_projetos/portas_abertas/259304,200.0,ok_200,https://prefeitura.sp.gov.br/web/imigrantes_e_trabalho_decente/w/programas_e_projetos/portas_abertas/259304,399,1,,pagina_programa
trabalho.rs.gov.br,https://trabalho.rs.gov.br/rs-qualificacao-recomecar-2025,200.0,ok_200,https://trabalho.rs.gov.br/rs-qualificacao-recomecar-2025,1336,1,,outros
agenciapara.com.br,https://agenciapara.com.br/noticia/34987/seduc-promove-formacao-continuada-sobre-programa-trilhas-no-para,200.0,ok_200,https://agenciapara.com.br/noticia/34987/seduc-promove-formacao-continuada-sobre-programa-trilhas-no-para,476,1,,pagina_programa
social.mg.gov.br,https://social.mg.gov.br/trabalho-e-emprego/educacao-profissional/minas-forma,200.0,ok_200,https://social.mg.gov.br/trabalho-e-emprego/educacao-profissional/minas-forma,454,2,,outros
social.mg.gov.br,https://social.mg.gov.br/trabalho-e-emprego/educacao-profissional/minas-programando,200.0,ok_200,https://social.mg.gov.br/trabalho-e-emprego/educacao-profissional/minas-programando,384,1,,pagina_programa
www.agenciapara.com.br,https://www.agenciapara.com.br/noticia/67291/rede-estadual-intensifica-busca-ativa-escolar-para-garantir-direito-a-educacao,200.0,ok_200,https://www.agenciapara.com.br/noticia/67291/rede-estadual-intensifica-busca-ativa-escolar-para-garantir-direito-a-educacao,614,1,,outros
www.parana.pr.gov.br,https://www.parana.pr.gov.br/aen/Noticia/Programa-Carretas-do-Conhecimento-tera-investimento-de-R-22-milhoes-em-2023,200.0,ok_200,https://www.parana.pr.gov.br/aen/Noticia/Programa-Carretas-do-Conhecimento-tera-investimento-de-R-22-milhoes-em-2023,392,1,,pagina_programa
portal.educacao.pe.gov.br,https://portal.educacao.pe.gov.br/supletivo-anual,200.0,ok_200,https://portal.educacao.pe.gov.br/supletivo-anual/,595,1,,outros
